Sigla;Estado;Desocupados - homens (2012 T1);Desocupados - mulheres (2012 T1);Desocupados - homens (2026 T1);Desocupados - mulheres (2026 T1);Variação homens (p.p.);Variação mulheres (p.p.);Horas - total;Horas - homem branco;Horas - homem preto ou pardo;Horas - mulher branca;Horas - mulher preta ou parda
AC;Acre;45,3;54,7;53,2;46,8;7,900000000000006;-7,900000000000006;13,6069033767137;10,7961195152205;9,68698343277129;16,1303521772291;16,7107541904977
AL;Alagoas;44,7;55,3;50,7;49,3;6,0;-6,0;20,2171292178629;12,1218392017294;13,3571601031325;24,093655070502;25,8566366718365
AM;Amazonas;47,5;52,5;46,8;53,2;-0,7000000000000028;0,7000000000000028;16,8072902757733;12,2330429851865;12,8225838315689;18,7649689294609;20,7169857427641
AP;Amapá;48,1;51,9;51,1;48,9;3,0;-3,0;13,5866555167852;11,1168211392667;10,7494443475187;16,648579119311;15,9084869645215
BA;Bahia;43,8;56,2;44,7;55,3;0,9000000000000057;-0,9000000000000057;17,8497758460541;10,5516727724499;10,9828077158032;22,5727303096091;23,2171186603927
CE;Ceará;51,1;48,9;52,7;47,3;1,6000000000000014;-1,6000000000000014;19,4992932027235;12,1869359043862;12,8213228848903;23,0197180192935;24,9522743945843
DF;Distrito Federal;41,0;59,0;47,9;52,1;6,899999999999999;-6,899999999999999;15,096351385207;11,3779520565323;10,4812785064631;17,7381229559689;19,3073321505871
ES;Espírito Santo;46,4;53,6;47,5;52,5;1,1000000000000014;-1,1000000000000014;17,111106290015;11,7985705537373;12,0175894012143;20,4644622044025;22,1966261262766
GO;Goiás;41,0;59,0;47,5;52,5;6,5;-6,5;15,186470906304;10,6364244795638;10,5318825861114;18,4408422708916;19,5879129454146
MA;Maranhão;47,2;52,8;49,1;50,9;1,8999999999999986;-1,8999999999999986;16,6696136292494;11,6651730286596;11,4373585633079;19,8810555977168;20,7395894638652
MG;Minas Gerais;43,1;56,9;48,6;51,4;5,5;-5,5;17,5021406571034;11,3197198206095;11,6191198642902;22,1866495734985;23,0757510241785
MS;Mato Grosso do Sul;47,2;52,8;45,3;54,7;-1,9000000000000057;1,9000000000000057;15,3097832617493;10,4462132228461;11,1269198336536;18,5932004092839;19,5427607650638
MT;Mato Grosso;44,1;55,9;42,8;57,2;-1,3000000000000043;1,3000000000000043;14,2399887961122;9,47965391608994;9,26573377241184;17,7828250730826;18,6959234162615
PA;Pará;43,2;56,8;48,3;51,7;5,099999999999994;-5,099999999999994;16,4742675461237;11,5243056951118;11,0267066479473;19,8351103790999;21,5911439596154
PB;Paraíba;44,4;55,6;48,9;51,1;4,5;-4,5;18,9208162367917;12,4802039027381;12,4008309760389;23,6429361602734;24,0356499643837
PE;Pernambuco;43,9;56,1;48,7;51,3;4,800000000000004;-4,800000000000004;19,3062494353697;12,3128329041616;12,8688209944049;23,3578795499308;24,2433961121646
PI;Piauí;51,2;48,8;55,1;44,9;3,8999999999999986;-3,8999999999999986;17,9603658531316;12,2583238969524;11,2048139325698;20,4940633016409;23,6954401277328
PR;Paraná;40,3;59,7;46,3;53,7;6,0;-6,0;15,390121730267;11,2400850156258;10,8156106535963;18,896660816951;19,3653801135016
RJ;Rio de Janeiro;44,2;55,8;45,4;54,6;1,1999999999999957;-1,1999999999999957;16,7162625363432;12,0000363206084;12,8648960058147;19,2037412217917;20,9577281507692
RN;Rio Grande do Norte;51,0;49,0;48,2;51,8;-2,799999999999997;2,799999999999997;18,3077395434398;11,1669087086565;11,0862863356125;23,5470804765837;24,4228844147508
RO;Rondônia;43,4;56,6;33,0;67,0;-10,399999999999999;10,399999999999999;17,0141615324527;12,111127154934;12,5440800011398;20,4128874675187;21,0614097245581
RR;Roraima;41,8;58,2;43,4;56,6;1,6000000000000014;-1,6000000000000014;13,6392572876041;10,8148027675614;10,4766008494843;16,135877393906;16,5602442091243
RS;Rio Grande do Sul;42,8;57,2;47,4;52,6;4,600000000000001;-4,600000000000001;15,3567089139082;11,3084473090144;11,5199406140279;18,8682299813844;19,1077203246425
SC;Santa Catarina;42,7;57,3;44,6;55,4;1,8999999999999986;-1,8999999999999986;16,0393552022563;12,3390516836675;11,5173415530589;19,4147644668385;19,6465727647321
SE;Sergipe;46,5;53,5;40,3;59,7;-6,200000000000003;6,200000000000003;18,8265414829145;10,8305105110321;11,2703406889955;21,7409023595696;25,6376808797929
SP;São Paulo;45,4;54,6;46,2;53,8;0,8000000000000043;-0,8000000000000043;17,0712954792981;12,1230441320047;12,235199786898;20,7711862995141;21,7676203849059
TO;Tocantins;55,3;44,7;46,2;53,8;-9,099999999999994;9,099999999999994;15,81578056021;10,7338630885771;11,6826164094459;19,6637128133485;19,6293985240882
